time,Rainfall,Max_Temp,Soil_Moisture,SPI
1981-06-07,5.781021544968125,39.123943,310.882080078125,0.0
1981-06-14,4.874759136216484,39.90653,310.80816650390625,0.0
1981-06-21,5.541209270185146,40.425102,311.61981201171875,0.0
1981-06-28,32.69513425252734,34.459866,306.978271484375,-1.186550909922616
1981-07-05,144.31694641315045,31.590408,302.7796325683594,0.0734779281192387
1981-07-12,51.08196078126666,32.77041,303.8092346191406,-0.063371924754968
1981-07-19,158.5438291297777,30.75612,301.49237060546875,1.6405325511272169
1981-07-26,51.77584109971993,32.676872,302.29595947265625,1.6436030838762894
1981-08-02,138.50808937075365,31.113878,301.0121765136719,1.7497735841236757
1981-08-09,19.645033610916705,32.8785,301.5117492675781,1.7128701021296124
1981-08-16,36.24761508016365,32.336937,301.6084899902344,-0.1379194270002305
1981-08-23,104.42820896923432,32.232246,300.9334411621094,0.9178021375634848
1981-08-30,56.0389409513641,32.52299,301.04864501953125,-0.5117372232902312
1981-09-06,28.414784415958135,34.20762,302.15673828125,-0.1240836143257211
1981-09-13,155.76435838938846,31.033401,299.5999450683594,1.5436867540710453
1981-09-20,21.50402812037046,33.09272,300.44488525390625,0.8319404052066681
1981-09-27,22.414999410210957,32.361904,300.3963317871094,0.7485900679183617
1981-10-04,55.98013677600309,30.525557,299.2322082519531,1.344667662221173
1982-06-06,62.90752396376355,37.88008,307.4490051269531,0.0
1982-06-13,26.405681701037132,35.05619,309.05712890625,0.0
1982-06-20,30.8415912514838,34.452995,308.9719543457031,0.0
1982-06-27,15.346407596402576,36.58966,309.1371459960937,0.6520060957258118
1982-07-04,11.219035452598856,37.25476,309.7996520996094,-0.7182837939105073
1982-07-11,13.984382788303996,39.301567,310.51763916015625,-1.4845063287333256
1982-07-18,51.810853176063645,34.803745,306.1317749023437,-1.7252466379971134
1982-07-25,73.37925655663992,33.985237,304.2859802246094,-1.5109665407666208
1982-08-01,103.01777630234068,31.557278,302.4885559082031,-0.466092481360838
1982-08-08,103.97842262024535,32.775105,302.3456420898437,0.7697016011640082
1982-08-15,40.70957476052924,32.87769,302.56549072265625,0.9948448573659502
1982-08-22,58.04835521108913,32.88136,302.18243408203125,0.8755643635875375
1982-08-29,63.07953740868473,31.42034,301.2312316894531,0.2973389406259492
1982-09-05,100.00456083081934,31.026598,300.5902404785156,0.4451156755923949
1982-09-12,118.89372188016011,32.38524,300.7528381347656,1.637144285386518
1982-09-19,59.485970018934594,32.35735,300.09002685546875,1.501988884371908
1982-09-26,3.0549391440938423,33.7766,300.050048828125,1.089894904852181
1982-10-03,1.3086328592939969,33.166786,298.1983947753906,0.1264976906923767
1983-06-05,0.0918412147647273,41.45819,311.50518798828125,0.0
1983-06-12,14.474760345434838,40.436256,310.7945251464844,0.0
1983-06-19,9.414620110941849,38.262928,310.8949279785156,0.0
1983-06-26,13.311161476139825,39.41381,310.42010498046875,-0.8980262875373902
1983-07-03,130.6885198945873,32.294487,303.58465576171875,0.4091366178838608
1983-07-10,47.71836523695366,33.41932,305.36602783203125,0.2574851521704575
1983-07-17,32.00132189005831,36.43449,308.2453308105469,-0.1800167938291235
1983-07-24,61.17301291436718,33.37313,305.0194702148437,0.1056770451062821
1983-07-31,120.10042982483216,31.41973,302.7553100585937,-0.2235376685958035
1983-08-07,64.9797305768478,32.469593,302.650634765625,-0.0107826952478041
1983-08-14,12.163638167817444,33.55449,303.49188232421875,0.0452882568940902
1983-08-21,16.635258392179317,33.561024,303.3563842773437,-0.6873380481521751
1983-08-28,86.41723410067333,31.553333,301.4284973144531,-1.311844865620214
1983-09-04,27.55594741240361,32.768505,302.26300048828125,-2.0598720517637705
1983-09-11,78.89229111142294,31.759048,300.89178466796875,-0.3636547138833659
1983-09-18,65.78437777192597,32.296192,301.052734375,0.4169418894782611
1983-09-25,108.65855373162096,31.066736,299.9381408691406,1.0827252478205398
1983-10-02,26.06083558883219,31.753332,300.9160461425781,1.4521969656026508
1984-06-03,5.028498487288717,40.32349,312.7795715332031,0.0
1984-06-10,49.51669418047705,35.978573,308.3106994628906,0.0
1984-06-17,115.39005960956432,33.969593,305.77392578125,0.0
1984-06-24,75.58980095680178,33.15272,306.2243347167969,2.388515363207605
1984-07-01,44.71909947296346,33.055714,306.3861694335937,1.982425678093754
1984-07-08,67.56986204806688,33.38007,304.83135986328125,1.6288324534512473
1984-07-15,101.46464686394826,32.177418,303.7021179199219,0.5919475642590984
1984-07-22,62.91455132166182,32.142723,302.8503112792969,0.1735368122065265
1984-07-29,115.42576872418724,31.392313,301.0443725585937,0.8908951651841713
1984-08-05,28.52113400103293,32.55231,302.4424133300781,0.4244041549503626
1984-08-12,60.90137496264312,32.574898,302.44708251953125,0.1869002702207412
1984-08-19,34.04091538899462,32.55143,302.70819091796875,-0.2618863861272312
1984-08-26,55.07806532577115,31.6132,302.1022644042969,-1.3429379166369044
1984-09-02,125.31987380508306,29.83932,300.43475341796875,0.7290901669477847
1984-09-09,123.67670140037464,29.373062,298.9447937011719,1.607856774245202
1984-09-16,19.80828266112256,31.673605,300.0977478027344,1.271640383780814
1984-09-23,22.643887783570666,32.124966,299.9483337402344,1.220847836848312
1984-09-30,0.4942603234990235,33.530544,298.9862365722656,-0.0946076286684555
1985-06-02,1.190833283928189,40.43833,310.8505249023437,0.0
1985-06-09,18.206488578505542,38.476734,310.8407592773437,0.0
1985-06-16,13.246496837015137,38.290134,310.9320983886719,0.0
1985-06-23,9.918899700616617,40.263126,312.1093139648437,-0.8148444490946489
1985-06-30,50.00105250341288,35.44735,308.1651916503906,-0.6169051232968258
1985-07-07,68.47260894773216,33.216938,306.2411804199219,-0.5413152283662153
1985-07-14,88.59256021561522,31.652788,303.41552734375,-0.2592346947132257
1985-07-21,79.2477459664708,31.332722,302.7726135253906,0.3022118720461683
1985-07-28,102.37284235800378,30.894762,302.19500732421875,0.7787951874909611
1985-08-04,85.97722508782779,31.376463,301.96221923828125,1.1170809040839318
1985-08-11,60.82639992797244,31.326736,302.0533752441406,1.1060490673071317
1985-08-18,28.013278396922523,33.55143,304.0071105957031,0.3896508036359713
1985-08-25,117.37500065769048,31.006464,301.7643127441406,0.7930623750576128
1985-09-01,61.83044328352939,32.053947,302.12115478515625,0.5756160618055118
1985-09-08,56.48263672524451,32.04476,301.9887390136719,0.4671761093751979
1985-09-15,58.340261618368814,31.99626,300.8342590332031,0.8804789030160547
1985-09-22,78.54204685945254,30.726667,299.3653869628906,0.7465526263479392
1985-09-29,65.33276208797402,31.375715,299.4014587402344,1.1682963397051476
1985-10-06,2.7137791428198343,32.44476,300.2391052246094,0.7577606522701442
1986-06-01,0.8576368095937872,38.325237,309.549072265625,0.0
1986-06-08,0.3011674768950817,40.135372,309.86395263671875,0.0
1986-06-15,8.120846239102148,40.653744,311.556396484375,0.0
1986-06-22,19.678089155604805,36.638435,310.2265930175781,-1.0295721822520596
1986-06-29,112.37565570210454,33.099457,306.41290283203125,0.041538367280713
1986-07-06,97.77151913397068,32.64381,303.8767395019531,0.7517666945779892
1986-07-13,99.45227683566674,31.687483,302.3960266113281,1.0617102576496122
1986-07-20,56.41871697145657,32.663265,303.6676940917969,1.3654657656008808
1986-07-27,69.1100623737069,31.092518,301.49029541015625,0.573237047897383
1986-08-03,78.68364435279346,30.532108,301.32403564453125,0.3569458300578429
1986-08-10,27.933514829154,32.324013,302.74822998046875,-0.3527712589414106
1986-08-17,27.44952845051341,33.372448,302.5867614746094,-0.8693968046800343
1986-08-24,156.83929771712445,30.631021,300.42431640625,0.7688942030586035
1986-08-31,30.297428283595693,32.878845,301.6178894042969,0.0386149469856215
1986-09-07,7.194434945627938,34.587482,302.643798828125,-0.1754176343831866
1986-09-14,105.49976662812875,31.794897,299.9432067871094,0.956505689698873
1986-09-21,29.83492933757549,32.72864,299.85455322265625,-0.3310618150211938
1986-09-28,10.422557575451414,31.055035,299.3384094238281,-0.2821265008017701
1986-10-05,17.802681743391673,28.438572,298.4557800292969,0.2791982719508751
1987-06-07,6.965274752274047,41.476463,312.30712890625,0.0
1987-06-14,9.793222802888303,38.74687,311.829345703125,0.0
1987-06-21,4.240486144747612,40.95136,311.9342956542969,0.0
1987-06-28,12.49458458320829,40.79932,310.9789733886719,-1.3930375987382575
1987-07-05,31.425934379580465,38.74048,311.22509765625,-1.6649228820098492
1987-07-12,112.25002974239143,33.16789,304.8224792480469,-0.9247404731010804
1987-07-19,44.552757912906856,33.1717,305.16534423828125,-0.8395673870532713
1987-07-26,76.89143820716082,33.543877,304.7601013183594,-0.1702937731272694
1987-08-02,63.846690640342935,33.033947,304.3310241699219,0.2683243473929389
1987-08-09,29.790952453294597,33.27537,304.302001953125,-0.6113286019746955
1987-08-16,121.5095948083666,32.296665,302.4951477050781,0.6422484729443966
1987-08-23,48.01510969193204,33.45306,303.2530212402344,0.2474669944049766
1987-08-30,53.90973859984618,32.405235,302.11639404296875,0.26383938351696
1987-09-06,67.45374452801299,31.985579,302.007080078125,0.8839176854837442
1987-09-13,229.54168808552689,29.582312,299.2210998535156,2.2547968396226503
1987-09-20,51.178131667394055,32.68272,300.9649963378906,2.668256979499155
1987-09-27,53.57993737967128,32.87612,300.25311279296875,3.1304637476768886
1987-10-04,0.9930885595126744,35.15333,300.4844970703125,2.265832717837675
1988-06-05,11.36099329196515,39.499336,311.6522521972656,0.0
1988-06-12,9.55901239295728,38.693607,309.6420593261719,0.0
1988-06-19,37.263275343109,35.316597,309.30181884765625,0.0
1988-06-26,52.823585738693055,34.332245,309.00457763671875,0.2654113256739018
1988-07-03,72.09392687509748,33.159794,305.62774658203125,0.4607730343860834
1988-07-10,136.8355996995675,31.081633,302.2162475585937,1.5717364676108454
1988-07-17,94.33118492204451,32.00721,302.7774963378906,1.377049883750237
1988-07-24,27.38036698315048,33.066124,303.4630432128906,0.8935354484761675
1988-07-31,77.21919641254918,32.29517,302.8046569824219,0.7411311243456785
1988-08-07,71.2937775668926,32.10612,301.5268859863281,-0.1269898938427491
1988-08-14,140.0008783941667,30.576054,300.6835021972656,0.9161930489437284
1988-08-21,54.32712792931464,32.187077,301.4853515625,1.5064550751952133
1988-08-28,91.98003865215574,31.914015,301.0242614746094,2.022407694066193
1988-09-04,16.02748315349004,33.796803,302.3221130371094,1.2970159259468783
1988-09-11,59.579323026304046,33.300068,301.36285400390625,-0.1733745597664474
1988-09-18,23.654921636882708,33.405987,301.2179260253906,-0.4662540932860624
1988-09-25,22.06398432013871,32.578365,300.7576599121094,-1.0048367977400428
1988-10-02,2.307529966000222,34.43562,302.1917724609375,-0.9040957500355682
1989-06-04,8.612677246250593,38.77,311.03765869140625,0.0
1989-06-11,6.09463312142413,38.83095,311.6020202636719,0.0
1989-06-18,35.48170462922349,36.343334,309.73162841796875,0.0
1989-06-25,59.78798218250928,32.953266,306.0408020019531,0.24915686717735
1989-07-02,42.14394706278278,33.868572,307.1978454589844,0.0822027403643928
1989-07-09,58.71469937248604,33.00449,305.9276733398437,0.1902936745175329
1989-07-16,201.83992046716008,31.471907,302.48541259765625,1.452362378619175
1989-07-23,41.71090989394018,33.26279,303.3529357910156,1.077205856466453
1989-07-30,85.76449864284292,32.18238,302.5634460449219,1.4153984983247845
1989-08-06,56.51885815247567,31.49966,300.8641662597656,1.5460768800222338
1989-08-13,51.11537068755957,32.76177,301.75933837890625,-0.3078649274640059
1989-08-20,33.83417624120947,32.85592,302.53668212890625,-0.4601734988138963
1989-08-27,42.05542960648772,33.022312,302.1719665527344,-1.2492973395206342
1989-09-03,46.78260729124729,32.488434,301.47857666015625,-1.4073693743039215
1989-09-10,6.691006653690643,33.592583,302.52032470703125,-1.5920669449517697
1989-09-17,97.24041002396032,31.771973,300.12994384765625,-0.446237990812683
1989-09-24,44.82272441625378,32.889797,300.83868408203125,-0.0339490838088492
1989-10-01,53.09953938269593,30.815634,299.5268249511719,0.3886180523299278
1990-06-03,2.638425321202644,39.279205,310.0772399902344,0.0
1990-06-10,2.363921395863277,40.584625,312.2854309082031,0.0
1990-06-17,10.57890470644092,37.70517,310.8772888183594,0.0
1990-06-24,98.71159775152694,33.237755,306.96514892578125,0.3172740715341913
1990-07-01,61.68238948796788,32.131973,304.9118347167969,0.482188154505024
1990-07-08,109.90223394114062,31.404013,303.166015625,1.3281599370526156
1990-07-15,134.46938759083076,30.695034,301.37567138671875,1.949709490313346
1990-07-22,94.9997830065715,30.931498,300.8396911621094,1.832840943193748
1990-07-29,113.13736863271164,30.758097,300.6278991699219,2.247255605048639
1990-08-05,81.09617629859352,30.60517,300.39019775390625,2.094098350701029
1990-08-12,58.7901003841773,33.006325,301.23297119140625,1.4030187964533911
1990-08-19,60.23553801569952,32.12551,301.1286926269531,1.0032341159269342
1990-08-26,11.910914069599045,33.44755,302.3070983886719,-0.7134875371782889
1990-09-02,20.13402190652207,33.319252,301.89996337890625,-1.8852886965995608
1990-09-09,49.52049666436484,31.927551,301.24188232421875,-1.4014110953453158
1990-09-16,45.31654484232847,32.14,300.8479309082031,-1.3095106253226072
1990-09-23,34.83680973017085,30.909525,300.10089111328125,-0.6322105471786985
1990-09-30,56.44051353935234,31.582108,300.0046081542969,0.1727360433056077
1991-06-02,0.6336087988295259,38.567383,311.20166015625,0.0
1991-06-09,23.645763040866942,36.74415,309.9472351074219,0.0
1991-06-16,84.79750360744278,33.10551,305.8678894042969,0.0
1991-06-23,18.111928685874183,37.19286,309.6886901855469,0.5208112642228037
1991-06-30,6.903330006956184,38.71449,310.8002014160156,-0.0525591092810013
1991-07-07,39.036231970156194,36.363605,307.7509765625,-0.4445098745074237
1991-07-14,21.951878912012724,36.231293,307.5717468261719,-1.8000304555834543
1991-07-21,46.67127843682457,33.421497,305.74072265625,-1.9889494616301104
1991-07-28,56.60464075267532,32.846054,304.678955078125,-1.4714650180988718
1991-08-04,91.93120043591534,31.65381,303.03887939453125,-0.894937569370699
1991-08-11,94.75069468003446,31.276733,302.2182006835937,0.5232014321735861
1991-08-18,97.42923392730692,31.291973,301.5871276855469,1.4703027592626583
1991-08-25,58.25106522465383,32.129864,301.697509765625,1.735986825175792
1991-09-01,97.3140628757703,31.024424,300.6922302246094,2.2523393443462063
1991-09-08,135.92394873459082,30.490068,299.9785461425781,2.386602263926432
1991-09-15,43.61459046615845,32.096462,300.854248046875,1.4186571144623006
1991-09-22,15.682086857538806,33.471905,300.9803161621094,1.2350550093346748
1991-09-29,6.100412296933414,33.97721,300.6201171875,0.3813122803736853
1991-10-06,0.0300359462734556,33.880474,299.5596618652344,-0.8560181498407254
1992-06-07,0.776308043893889,42.1334,310.6037902832031,0.0
1992-06-14,15.481576388497857,39.079525,311.21881103515625,0.0
1992-06-21,2.800526250969537,38.19354,310.54132080078125,0.0
1992-06-28,40.88305142285289,37.037754,309.55743408203125,-1.0383849904174045
1992-07-05,11.908177006690607,38.307007,310.1976013183594,-1.4887771611650262
1992-07-12,31.13973023505868,37.111973,308.4670104980469,-1.7914653156702476
1992-07-19,132.15285894595576,32.969593,302.7929992675781,-0.634658198920362
1992-07-26,82.09002132430999,31.815372,302.6991577148437,-0.271302553111825
1992-08-02,51.96462718035727,31.825033,302.2917175292969,0.2655214882706057
1992-08-09,86.81705156569608,31.835577,301.86981201171875,1.4787965471991076
1992-08-16,33.28065837117551,33.154354,302.8430480957031,-0.0022420946184238
1992-08-23,25.2774852460427,32.615917,302.5556335449219,-0.9896330535355564
1992-08-30,108.26599634765056,31.36789,300.9975280761719,0.2725868787378425
1992-09-06,37.15898800396571,33.58517,302.2221984863281,-0.4482329715135972
1992-09-13,79.56970814351726,31.38415,300.9307556152344,0.3071757249040122
1992-09-20,15.041658124566949,31.555782,299.9060363769531,0.5482300538031335
1992-09-27,1.6558910259419548,33.460136,300.79229736328125,-0.5499394084864226
1992-10-04,3.852640571494172,33.693333,300.4891052246094,-0.4546864755089236
1993-06-06,2.4838555199603967,40.24087,310.8299865722656,0.0
1993-06-13,11.87515290511133,39.787823,311.9287414550781,0.0
1993-06-20,13.178305119656734,37.202312,310.38262939453125,0.0
1993-06-27,90.92850257013076,35.12068,307.0829162597656,0.3831361173370809
1993-07-04,65.54938087895187,35.277824,305.81890869140625,0.5920725481520088
1993-07-11,68.47408176273325,33.86456,305.5673522949219,0.7542393494001094
1993-07-18,36.52494496686289,33.33592,304.89361572265625,0.264141719603267
1993-07-25,23.003582479608973,34.03381,305.3014831542969,-0.9352327362537216
1993-08-01,30.482594926345307,33.921223,305.22772216796875,-1.5460191589832335
1993-08-08,37.35728472098708,32.56279,303.1427917480469,-2.1943588590573184
1993-08-15,49.27760629793697,33.222176,303.71319580078125,-1.7471434710114524
1993-08-22,73.134752576287,32.79027,303.2150573730469,-1.0892578588808004
1993-08-29,86.80715133306863,32.288704,302.12420654296875,-0.064249821774619
1993-09-05,98.6889175943976,30.404694,300.2853698730469,1.414258313882479
1993-09-12,85.33797317577431,30.589659,299.6598815917969,1.697579926031022
1993-09-19,76.36621934069443,30.970951,300.0924377441406,1.5771494306582836
1993-09-26,49.43874607452729,31.486736,300.0971374511719,1.4613502885696532
1993-10-03,25.53436749485613,30.636072,299.8038635253906,0.866262341392156
1994-06-05,2.0392388684579927,42.51095,312.26220703125,0.0
1994-06-12,19.45485432671696,38.920815,311.7359313964844,0.0
1994-06-19,76.00911551817272,34.62136,307.8562927246094,0.0
1994-06-26,61.71361092415496,33.4683,306.2958679199219,1.026310266383739
1994-07-03,76.66582463485916,32.014286,304.2887268066406,1.2935503309779248
1994-07-10,47.82621757438692,31.854153,304.1293640136719,1.0776136888269303
1994-07-17,37.6919917901774,33.569115,305.26025390625,-0.1779196500862929
1994-07-24,52.1754426730484,31.564219,303.8182678222656,-0.6576609038343287
1994-07-31,110.55527845128393,31.279455,302.7734680175781,-0.3879539092540076
1994-08-07,61.09624586398476,31.853197,302.8180236816406,-0.2529741317750652
1994-08-14,123.79575788517938,31.317278,301.3818664550781,1.396947288247745
1994-08-21,74.74324483149788,31.636736,301.0437316894531,1.971702847454581
1994-08-28,76.56905661248703,31.664625,300.947509765625,1.6202525101688223
1994-09-04,27.59811877622439,32.507824,301.43341064453125,1.304813641832403
1994-09-11,19.10547261899949,32.782722,301.57977294921875,-0.5397035513572838
1994-09-18,144.90869776564682,31.668436,299.81182861328125,0.5418257006793835
1994-09-25,71.96451690499364,32.02422,298.9335021972656,0.8562049875655972
1994-10-02,0.0729178768059198,32.98781,298.19207763671875,0.8576801657689492
1995-06-04,0.4864774485030314,43.665474,313.0238037109375,0.0
1995-06-11,1.374156565344247,41.784557,313.068359375,0.0
1995-06-18,16.831469803395933,40.717346,312.8613586425781,0.0
1995-06-25,78.69592288005961,34.99129,306.24969482421875,0.0504648184600197
1995-07-02,36.79117444345225,35.627075,307.51287841796875,-0.0494186302454357
1995-07-09,36.767821833600095,36.485374,307.6979675292969,-0.1727892825878437
1995-07-16,87.87531902341946,33.18728,304.2454528808594,0.0130314597896044
1995-07-23,71.40686727782888,32.041904,302.81671142578125,-0.4111149813496634
1995-07-30,25.037936707129223,33.49109,304.9197692871094,-0.7383648703840607
1995-08-06,78.94653849869314,31.973877,302.4712829589844,-0.2276819257984372
1995-08-13,98.59892079609372,31.67551,301.4407653808594,0.2812591244004941
1995-08-20,65.6734449527342,32.428097,301.63970947265625,0.2376916466282924
1995-08-27,55.24128248186334,32.802242,302.04071044921875,0.9108714799308107
1995-09-03,37.05646693619498,33.48204,301.3024597167969,0.33420542947077
1995-09-10,102.96001165216094,30.731838,299.7200012207031,0.4247129753843485
1995-09-17,35.192500957580165,33.355103,301.0431213378906,0.0474644957945744
1995-09-24,65.71871749730441,31.843401,300.0971069335937,0.5598913556151119
1995-10-01,16.69637747176916,31.693651,299.73876953125,0.6453001252018772
1996-06-02,1.8328444452507653,40.426907,311.20477294921875,0.0
1996-06-09,15.112733510506414,36.730274,309.9755249023437,0.0
1996-06-16,5.3396747911716025,38.628437,310.77349853515625,0.0
1996-06-23,49.84322408709104,36.643948,307.338623046875,-0.3482073143523996
1996-06-30,97.80424373838916,31.806189,303.5521850585937,0.4119635288615637
1996-07-07,21.398734220922208,34.626328,306.5555725097656,-0.1016348674628082
1996-07-14,85.94043143419889,32.296257,303.13641357421875,0.1877937498561211
1996-07-21,50.23832030072264,32.783604,303.6120300292969,-0.1104241246547795
1996-07-28,62.25097670457768,32.500816,302.06378173828125,-0.7546137785607555
1996-08-04,68.19197266450982,32.003334,302.1651916503906,-0.1791288445689794
1996-08-11,63.96261461511472,31.170748,301.3330078125,-0.1634008392570954
1996-08-18,111.74319771046405,31.08347,300.5370178222656,0.8822775290046639
1996-08-25,86.35695551183537,30.651157,300.6291809082031,1.5084335433493763
1996-09-01,49.60947901472776,32.26408,301.074462890625,1.493441353082879
1996-09-08,57.14685455217523,31.406464,300.6418151855469,1.0980350104987169
1996-09-15,32.09330667941457,33.105236,301.3985290527344,-0.0212392072996004
1996-09-22,10.065920866971467,33.256462,301.24432373046875,-0.6438844818225338
1996-09-29,21.57692622768618,32.36585,300.9410705566406,-0.7219836859299595
1996-10-06,0.7669760194899392,30.753334,300.4249572753906,-0.8667070843426713
1997-06-01,0.1396352006190449,38.095238,308.9278564453125,0.0
1997-06-08,0.8127608008845879,39.33048,309.5289001464844,0.0
1997-06-15,1.830223979142896,40.444557,311.40606689453125,0.0
1997-06-22,20.34742610447489,37.858437,310.0948791503906,-1.1215508219308865
1997-06-29,79.01669714406785,34.681904,305.7904968261719,-0.4743063856387841
1997-07-06,63.88607728233846,33.755375,304.7707824707031,-0.2265760001156632
1997-07-13,167.34801021359698,31.313808,302.0609436035156,1.077245876787234
1997-07-20,76.05609704099976,32.308777,303.3641662597656,1.636117159872586
1997-07-27,38.08423924503209,32.770477,303.1199645996094,0.8650874161780133
1997-08-03,57.67339833186817,32.216667,302.9284973144531,0.8706479266808088
1997-08-10,55.46471619576107,32.277416,302.21978759765625,-0.4265240347148168
1997-08-17,44.828248583432966,32.095715,301.7527160644531,-0.99062090948283
1997-08-24,36.50989579664965,31.696531,301.52496337890625,-1.0434522358859677
1997-08-31,49.81450876745865,31.99204,301.5774230957031,-1.1374569805645227
1997-09-07,53.64692290282271,30.758436,300.3622436523437,-0.7422938857102253
1997-09-14,32.4247186863455,30.59551,300.4505310058594,-0.7131749891963772
1997-09-21,18.43828015119164,32.424965,301.4869689941406,-0.5731213567283893
1997-09-28,8.88335183564655,33.434353,301.3003234863281,-0.8247136276708089
1997-10-05,1.459119122638537,32.793808,300.0595092773437,-0.9048549555153294
1998-06-07,0.5920443978079044,43.02823,312.3898620605469,0.0
1998-06-14,2.5324501971149966,40.46728,312.4999694824219,0.0
1998-06-21,25.640143061206288,36.305374,309.04254150390625,0.0
1998-06-28,39.88517558139606,36.07354,307.4640197753906,-0.9216104954972716
1998-07-05,48.7212214777722,33.771156,306.1340026855469,-0.8751028727864054
1998-07-12,129.44252348552547,30.704014,302.3051452636719,0.0548954832436273
1998-07-19,101.28692756802604,31.199863,301.40850830078125,0.7427236963592171
1998-07-26,42.13553760488973,34.344692,303.66766357421875,0.5581894664667798
1998-08-02,26.079605647437543,33.870476,303.9225769042969,0.2886379325008358
1998-08-09,79.3868639082206,31.566938,301.8576354980469,-0.0990793099695871
1998-08-16,93.22604833994686,31.778164,300.91131591796875,-0.2289040690068821
1998-08-23,62.816620140751134,32.405033,301.37890625,0.2163957826006446
1998-08-30,42.85205504260141,32.919865,302.2010803222656,0.7909703101370129
1998-09-06,48.46287852357121,31.974012,301.3548889160156,0.2166458556396053
1998-09-13,36.1647548954526,31.210476,300.57818603515625,-0.4786416963875529
1998-09-20,14.299530316959984,32.830406,301.8042297363281,-0.7372477798633459
1998-09-27,16.555238825833275,33.68762,302.07421875,-0.7960589281175912
1998-10-04,9.911334055537072,33.434444,301.3747863769531,-0.7229410870929427
1999-06-06,1.3839069406100868,39.120636,309.8307800292969,0.0
1999-06-13,51.25411201997177,37.536938,308.6578063964844,0.0
1999-06-20,7.683224175669199,35.64034,308.8847351074219,0.0
1999-06-27,77.35895102226387,33.84306,306.34698486328125,0.6863971460089806
1999-07-04,39.45537525448051,34.37646,306.364501953125,0.5145700352170491
1999-07-11,82.69789946269597,34.464558,306.40869140625,0.3388880730532108
1999-07-18,66.80848549575592,32.672585,304.332763671875,0.321121474662668
1999-07-25,71.22461533225584,31.457415,303.103515625,-0.0463301579196896
1999-08-01,96.81199583218154,31.132925,301.5835876464844,0.5060269077555077
1999-08-08,66.3089797478849,32.45517,303.0813903808594,0.3206128648029817
1999-08-15,83.25427475737503,30.931156,300.9491271972656,0.9420372128065928
1999-08-22,75.51025342000445,31.29408,300.986328125,1.1499779139459287
1999-08-29,60.39203782988726,32.16265,301.4623413085937,0.6666439770226691
1999-09-05,90.61815077050106,30.915033,300.1728515625,1.4535212091415626
1999-09-12,44.3845997818195,32.368706,300.99322509765625,0.5775999527157979
1999-09-19,46.32928038119291,30.816938,300.5146789550781,0.1951764650301898
1999-09-26,25.83101199994231,31.639252,300.62353515625,0.1181553349695146
1999-10-03,3.2611644193802,31.694286,300.4364318847656,-0.7367552624409007
2000-06-04,5.2055562132575215,37.17833,310.0244445800781,0.0
2000-06-11,84.4163438694103,33.188847,305.49688720703125,0.0
2000-06-18,37.74230798458966,34.700886,308.0857238769531,0.0
2000-06-25,70.59125376645014,33.172585,304.5342712402344,1.6377232642482602
2000-07-02,32.02184850877545,34.39388,305.7786560058594,1.17190416860819
2000-07-09,57.157645746548894,34.198368,305.5464172363281,0.2088858744316339
2000-07-16,96.09680268494752,32.058025,302.5157775878906,0.1981563653282055
2000-07-23,59.57077084865122,31.554014,301.84649658203125,-0.2509564949209642
2000-07-30,64.89797998361126,31.106735,301.86187744140625,-0.0076986790401299
2000-08-06,33.114643198594344,33.3885,302.56646728515625,-0.3664142388651563
2000-08-13,31.965470444220696,33.381634,302.8782653808594,-0.998207392756765
2000-08-20,74.64952946840411,31.110409,301.7984924316406,-0.8447157567994474
2000-08-27,9.821202857705364,33.907413,303.3007507324219,-1.887801952120045
2000-09-03,167.84864783202752,30.764557,300.3979797363281,0.9172666640836012
2000-09-10,92.7947964503763,29.959932,299.8338928222656,1.71513726153246
2000-09-17,45.503727956708985,32.33755,300.3357238769531,1.167942182080281
2000-09-24,19.714635422847568,30.772993,299.5705261230469,1.67106684462786
2000-10-01,1.7295667795042924,33.693256,299.8130798339844,-0.1889799510287454
2001-06-03,19.64290791089191,35.78984,308.8316955566406,0.0
2001-06-10,21.556105440332946,35.516533,309.7986755371094,0.0
2001-06-17,17.47126045132423,34.444965,308.167236328125,0.0
2001-06-24,98.6721314374004,31.821156,303.4550476074219,0.9967263351699424
2001-07-01,102.27964033561685,31.238775,303.1185607910156,1.37582733438681
2001-07-08,33.96724163689208,33.414356,305.3948669433594,0.9457035501641304
2001-07-15,97.99981709596884,31.18721,303.0478210449219,1.104544344260967
2001-07-22,102.52981301059906,30.98578,302.1380920410156,0.9753821213033368
2001-07-29,89.19207959211548,32.19585,302.8973083496094,0.5853174792073553
2001-08-05,58.78297389513493,32.705784,302.18121337890625,1.005856007402954
2001-08-12,29.079186567696777,33.534355,302.9079895019531,0.3660169189925161
2001-08-19,49.955970381570125,32.895576,303.09552001953125,-0.4639617720516852
2001-08-26,66.00639568217588,32.922245,302.064697265625,-0.8677564193105162
2001-09-02,133.55093965247056,32.502724,301.1171569824219,0.7975111110588056
2001-09-09,68.83321673795581,32.584354,300.6223449707031,1.304821127952114
2001-09-16,29.135117009635607,33.54333,300.9138488769531,0.92630167081939
2001-09-23,4.31239696070008,35.057957,300.7062683105469,0.4932210873368578
2001-09-30,4.989753171393689,34.709183,301.7610778808594,-0.9086944160123862
2002-06-02,1.0011487194221385,38.460716,309.9066162109375,0.0
2002-06-09,12.708383024826537,38.385036,311.1133728027344,0.0
2002-06-16,16.741380878554207,37.309322,311.2040405273437,0.0
2002-06-23,28.208951897891986,37.816463,311.17401123046875,-0.5607827729824841
2002-06-30,24.5014945436405,34.16891,307.5597229003906,-0.7404430420268774
2002-07-07,102.26095703782607,33.542244,305.6756286621094,-0.137525567918703
2002-07-14,3.5048029382516,38.43905,309.8469543457031,-0.94750070806306
2002-07-21,38.295604799133145,35.363945,307.0247497558594,-1.2685876943404275
2002-07-28,24.317463370325573,35.697277,306.312255859375,-1.4183789347488889
2002-08-04,38.95177474155696,34.813744,305.530029296875,-2.517059541043392
2002-08-11,61.76494715096307,33.828163,304.1566772460937,-1.3954820506531267
2002-08-18,111.18018586615467,30.446123,301.0314025878906,-0.3073882353813047
2002-08-25,41.52664265305783,31.453741,301.2172546386719,0.0644313782725447
2002-09-01,30.200957227498293,33.26381,302.16046142578125,0.0839088891808926
2002-09-08,51.25096319305853,32.170067,301.2670288085937,0.0143232186474327
2002-09-15,82.81060728765209,30.514421,300.4389953613281,-0.2756507126700379
2002-09-22,15.383992916285774,33.036053,300.5822448730469,-0.2418376632482232
2002-09-29,50.81047552505876,30.640545,299.8688049316406,0.3667046429377007
2002-10-06,0.365440244874815,33.29333,299.7310485839844,0.1150527444406187
2003-06-01,0.0,43.463337,310.9676208496094,0.0
2003-06-08,13.438150480063292,40.284283,311.6910095214844,0.0
2003-06-15,6.535943170316028,40.092175,312.3563537597656,0.0
2003-06-22,20.70571048038393,37.043606,309.8616027832031,-0.84456253400545
2003-06-29,88.87067284386089,33.034557,304.5453796386719,-0.1049640212146158
2003-07-06,53.55137467822128,33.7566,304.848388671875,-0.1650379085377809
2003-07-13,84.01197275565598,33.338505,303.54449462890625,0.0954871935205339
2003-07-20,38.44994364031693,33.953945,304.5066223144531,0.0163356622563811
2003-07-27,65.72521102553519,33.108845,304.3036499023437,-0.471946644233243
2003-08-03,102.5114788861986,30.931904,301.8927917480469,0.1693045793392994
2003-08-10,40.11718867104637,34.30714,304.2140197753906,-0.130673192508587
2003-08-17,94.9857194680367,31.730545,301.83697509765625,0.8344903704033838
2003-08-24,109.62920687948592,31.458775,300.9851379394531,1.827730186640744
2003-08-31,37.8301940559797,32.84408,302.0174255371094,0.8810279205381466
2003-09-07,112.22936045544316,30.948912,300.8188781738281,1.861685294963808
2003-09-14,66.22624516878685,31.24762,300.82342529296875,1.2982652003029451
2003-09-21,51.50403694835675,32.326664,301.0995178222656,0.911323199337445
2003-09-28,67.55488760105884,31.028706,299.8140563964844,1.7007117170543404
2003-10-05,21.73003447034063,30.274523,299.30438232421875,0.7818959427413671
2004-06-06,9.344228282081383,39.042618,311.2040100097656,0.0
2004-06-13,18.503317643446422,35.697212,309.9372253417969,0.0
2004-06-20,117.60618392908334,30.237959,302.572265625,0.0
2004-06-27,19.972834735075487,35.036736,306.4571838378906,0.3761158006469796
2004-07-04,19.793602463510567,36.321228,308.5193176269531,-0.0816283144069787
2004-07-11,116.31681596166896,31.95456,303.1169738769531,0.4078030268919742
2004-07-18,61.34853051208558,32.715916,303.6037292480469,-0.6166763341577907
2004-07-25,22.86650833430408,33.82905,304.2450561523437,-0.7482019214347787
2004-08-01,25.885028551529796,32.91524,303.38543701171875,-0.7609603626058337
2004-08-08,32.411895714727414,32.755985,302.97174072265625,-1.7109163390317306
2004-08-15,56.96653603207673,32.16286,302.42431640625,-1.975918621166393
2004-08-22,73.63214660272763,32.06238,301.94012451171875,-1.1483376811157449
2004-08-29,29.698344837357528,32.32245,301.8945617675781,-1.0093031718073746
2004-09-05,10.4082218212531,34.52252,302.8834533691406,-0.9583430630861764
2004-09-12,19.91576102898069,34.55136,303.04766845703125,-1.2207758382591272
2004-09-19,39.30497553797751,32.197075,300.96795654296875,-1.2926374540533765
2004-09-26,44.942616679345385,32.19932,300.8692321777344,-0.8085519280089855
2004-10-03,5.153372194726754,33.965237,301.19927978515625,-0.3482960672230014
2005-06-05,0.2479089214636461,42.442665,311.02716064453125,0.0
2005-06-12,4.204053596885752,41.4966,311.7548828125,0.0
2005-06-19,0.912496452022643,43.639385,312.9344177246094,0.0
2005-06-26,33.11960330545685,37.952038,311.1321716308594,-0.8792179848408832
2005-07-03,89.08012622893943,32.387756,304.9049987792969,-0.1349234553243803
2005-07-10,39.27783611933463,33.100407,304.8300170898437,-0.2626985779554366
2005-07-17,115.86791666548184,30.881428,301.9297790527344,0.450810689521724
2005-07-24,85.70118111189808,32.84939,302.687255859375,0.8840104449561632
2005-07-31,28.81606607587777,33.36442,304.03125,-0.1116854127041143
2005-08-07,62.92894313590479,32.521294,302.95391845703125,0.207155285232104
2005-08-14,12.965349838572696,33.78211,303.1830749511719,-0.9851360240616494
2005-08-21,95.90705366546874,31.836597,301.7161560058594,-0.912934124862719
2005-08-28,108.42605059194196,31.64483,301.0523986816406,0.5681957062135449
2005-09-04,10.392248473381692,35.06558,302.52105712890625,-0.2733582257266342
2005-09-11,24.43082783648568,33.24864,301.6834411621094,0.0909278703441515
2005-09-18,54.227345672211726,30.387346,299.6632995605469,-0.3845655618076489
2005-09-25,16.988160422248562,32.31973,301.033203125,-1.204835169799931
2005-10-02,2.001271328052683,32.81381,300.4705810546875,-1.0406827698123091
2006-06-04,30.73815447442832,35.653214,308.65350341796875,0.0
2006-06-11,51.42195618410942,34.749798,305.957763671875,0.0
2006-06-18,1.1228560869765545,39.653538,310.4375,0.0
2006-06-25,7.631794167587357,37.584965,309.8933410644531,-0.0517029038635056
2006-07-02,60.97806755741583,33.6366,305.8998107910156,-0.2175474066895378
2006-07-09,73.51868682610292,33.14109,305.0265808105469,-0.5196668001649447
2006-07-16,98.64651389836068,31.600409,302.6042175292969,0.0206168103173386
2006-07-23,55.76808873621108,32.39313,303.2190246582031,0.3368610416198542
2006-07-30,69.86042483452789,31.973879,302.223388671875,0.2512362710374695
2006-08-06,39.14753418992253,32.293266,302.3008728027344,-0.2254257876746749
2006-08-13,17.564340091154087,33.567417,303.6088256835937,-1.107431121990685
2006-08-20,26.295779672553287,33.404285,303.1724548339844,-1.7252061327618828
2006-08-27,120.33344367081231,31.515781,301.499755859375,-0.8768422135110859
2006-09-03,39.50953443030262,31.775986,300.7359313964844,-0.7780082681922966
2006-09-10,16.688218255058256,33.458435,302.11846923828125,-0.4659553984084317
2006-09-17,14.825609319020796,34.496666,302.3871154785156,-0.4647468235492751
2006-09-24,53.76106197740475,31.81558,300.347900390625,-0.959587182506623
2006-10-01,16.717338493352173,32.441906,300.0892639160156,-0.9810914944790043
2007-06-03,0.5867519365609997,42.80937,311.6502990722656,0.0
2007-06-10,4.980860816518756,40.257076,312.25177001953125,0.0
2007-06-17,39.438666102442426,34.327415,308.2162475585937,0.0
2007-06-24,6.576538341731703,35.97524,308.25262451171875,-0.6724799950518222
2007-07-01,21.019026415708076,35.070274,307.6133728027344,-0.8764838482089738
2007-07-08,48.209649286484414,33.951633,305.1349792480469,-0.8957142731542491
2007-07-15,47.306851442441015,34.03891,305.92633056640625,-1.3635045993535913
2007-07-22,143.81076230122335,32.49857,301.6960144042969,-0.0441969067815453
2007-07-29,118.23721628701382,30.170408,300.7082214355469,1.0223545025733496
2007-08-05,61.79998111597052,32.48687,302.2862243652344,1.3336415524480008
2007-08-12,26.355055736445816,33.59551,303.16265869140625,1.4360441700136557
2007-08-19,120.26882467337332,30.30306,300.41461181640625,1.2312160131557035
2007-08-26,29.834740121461397,32.9866,301.7097473144531,-0.2205859281558006
2007-09-02,57.45592870984743,32.77306,301.6536560058594,-0.1424212469873571
2007-09-09,54.8184771335745,32.400547,301.168212890625,0.4468901471203998
2007-09-16,11.72533180450436,34.05197,301.9323425292969,-0.9563728621408903
2007-09-23,15.069842437594913,33.67728,301.3196716308594,-0.7726974252164313
2007-09-30,103.8555411665979,29.37898,298.56524658203125,0.1638867972086299
2008-06-01,0.3814972635276996,39.49619,311.4761657714844,0.0
2008-06-08,27.517283780187583,36.687347,309.47003173828125,0.0
2008-06-15,72.77465633656422,32.9551,305.6593933105469,0.0
2008-06-22,74.59636141357088,30.064083,301.5321655273437,1.2796748541493057
2008-06-29,112.29938130088856,32.35374,303.3426818847656,2.0088695641512238
2008-07-06,130.47884140245236,30.703741,300.8749389648437,2.795346180449188
2008-07-13,61.29178720109002,32.43333,302.3930969238281,1.642692719809414
2008-07-20,102.40198748202543,31.402788,301.0930480957031,1.905119765960103
2008-07-27,96.9835496927428,31.521292,300.70654296875,1.4557296124403782
2008-08-03,17.68831585543434,33.168434,302.17584228515625,-0.0091742392876747
2008-08-10,60.82372808937718,33.066936,302.0979309082031,0.340463287509212
2008-08-17,97.2172050144605,31.313877,300.71826171875,0.3134926978311215
2008-08-24,77.03876013996718,31.923265,300.5283508300781,0.0521108210427727
2008-08-31,32.72948651877742,33.962654,301.8705444335937,0.5706523150749093
2008-09-07,21.656611930796483,34.41272,301.9194641113281,-0.0702409715539164
2008-09-14,4.920506525594387,33.95728,301.7790222167969,-1.1855191772169864
2008-09-21,59.32032210771402,32.19558,300.5715637207031,-1.040144447166156
2008-09-28,15.229032454726688,32.7251,300.0771179199219,-0.9929662759431164
2008-10-05,9.133856546786362,31.755953,299.99432373046875,-0.5879075353340424
2009-06-07,9.642536673912383,38.222248,311.07147216796875,0.0
2009-06-14,1.752832173240663,40.947895,311.795654296875,0.0
2009-06-21,0.1253667665224005,41.732384,312.13043212890625,0.0
2009-06-28,10.659465435022202,40.35735,312.2594299316406,-1.544744015340518
2009-07-05,53.90622116573645,34.607006,307.3542175292969,-1.550935146346648
2009-07-12,41.61133219255474,33.790203,306.57794189453125,-1.5612442326838667
2009-07-19,36.99108924558998,33.997074,306.5257873535156,-1.6073536292863353
2009-07-26,35.90693600764022,33.512108,305.63140869140625,-1.4179048074003753
2009-08-02,79.22933869730056,33.385105,303.69854736328125,-1.2338688432694214
2009-08-09,27.33634445751018,34.76769,304.4951477050781,-1.1510189246681175
2009-08-16,85.71084576592284,32.558163,303.1155090332031,-0.4440033411483213
2009-08-23,62.912404775102864,33.335377,302.1248474121094,0.0976108367898997
2009-08-30,31.646158365491967,32.38286,302.1227722167969,-0.6959043946433905
2009-09-06,48.70572323175351,32.44415,301.7434997558594,-0.0651354291552144
2009-09-13,86.09497212036683,31.277483,300.3019714355469,0.0331699203783216
2009-09-20,10.436613614025124,34.247074,301.8427124023437,-0.2779861208171925
2009-09-27,11.864924614691605,34.13109,302.395751953125,-0.2251972142617957
2009-10-04,1.9005788770252767,34.959045,303.056884765625,-0.3369550583254359
2010-06-06,0.1136164298675356,41.49278,312.2575988769531,0.0
2010-06-13,0.2081140638702977,40.73197,312.74224853515625,0.0
2010-06-20,10.22690985952742,38.33034,311.8923034667969,0.0
2010-06-27,22.943685525389267,38.08585,311.53619384765625,-0.9580026902956555
2010-07-04,20.576193347138208,36.29061,309.56463623046875,-1.1186616615377114
2010-07-11,32.445561286062,35.720066,308.4875183105469,-1.2857792535287995
2010-07-18,61.63060402035387,33.631634,304.9357604980469,-1.193123209086082
2010-07-25,93.50873777476976,33.11762,303.5955505371094,-0.740347284788061
2010-08-01,33.75586781343513,32.70864,303.64971923828125,-0.7351030955259221
2010-08-08,23.41431495482034,33.381565,303.7981262207031,-0.9651176363949454
2010-08-15,36.820872157485816,34.16483,304.3501281738281,-1.029255181684024
2010-08-22,77.71437161606158,32.743336,302.6334533691406,-1.404760819188983
2010-08-29,77.44969930015776,32.854355,302.0075378417969,-0.6502153747246486
2010-09-05,33.48226379374736,33.323128,302.4718322753906,-0.3201360184330435
2010-09-12,37.26710830253624,33.017006,302.1080627441406,-0.1120674627606501
2010-09-19,92.50974958528676,31.240952,300.2528381347656,0.1818744586529312
2010-09-26,21.067840059199472,32.56068,300.66668701171875,-0.1806044154013196
2010-10-03,0.0459921289316929,33.545715,300.4676818847656,-0.3103953586095425
2011-06-05,3.6850172293229697,39.63114,310.6900329589844,0.0
2011-06-12,10.419762608615589,38.36619,310.9544372558594,0.0
2011-06-19,46.59033317912886,34.59415,307.4299011230469,0.0
2011-06-26,76.11079543423804,33.133335,304.431640625,0.6725982719408699
2011-07-03,131.9207550172497,32.104084,302.05780029296875,1.711902641421985
2011-07-10,26.537659916401346,33.48102,303.5448608398437,1.3319787159070695
2011-07-17,31.863407751722058,34.02871,303.6101989746094,0.3224378843972996
2011-07-24,84.03744777079916,31.436462,301.9194641113281,0.1427362338902098
2011-07-31,44.05920430903669,33.95068,302.6538391113281,-1.1846223876356416
2011-08-07,108.24593107119529,32.156734,301.387939453125,-0.1562014992823179
2011-08-14,100.90194412516634,30.652178,300.2479858398437,1.2396955548307944
2011-08-21,83.5186356477385,31.574627,300.6335754394531,1.4024272638423383
2011-08-28,31.63499138634788,33.183876,301.7314147949219,1.3965455335041788
2011-09-04,23.51118931500581,33.223606,301.6274719238281,-0.0235103063595891
2011-09-11,61.15215067092302,32.19354,301.418212890625,-0.5120952376104465
2011-09-18,64.04181398217477,32.56585,301.1625061035156,-0.6090896022167466
2011-09-25,96.3149304297773,31.096802,299.3008117675781,0.6134312171253579
2011-10-02,21.58321238869298,32.64733,299.60845947265625,0.9542483909131358
2012-06-03,2.803584579731861,43.195393,312.80810546875,0.0
2012-06-10,2.165151690751532,42.001564,312.0825500488281,0.0
2012-06-17,1.7130155845334496,42.345306,313.0733947753906,0.0
2012-06-24,42.87981332947303,35.995308,308.1158752441406,-0.7043814681675943
2012-07-01,10.357172578953914,40.074013,310.2342224121094,-1.0762843346143551
2012-07-08,89.55953107344625,33.769455,305.87750244140625,-0.5027743458431267
2012-07-15,76.88518714042802,33.452923,303.6522827148437,-0.2275136097470602
2012-07-22,108.41359406067942,33.06605,302.7526550292969,0.287558113803266
2012-07-29,74.44514430776564,31.922451,301.7849426269531,0.9157768932750648
2012-08-05,99.54543847862604,31.311224,302.31854248046875,1.161928521022753
2012-08-12,49.17662017841408,32.153812,301.7297058105469,1.1538780136652331
2012-08-19,44.05994008788771,32.63755,302.02520751953125,0.2201752811933508
2012-08-26,75.14815866917263,31.933062,301.2992553710937,0.3370754944804006
2012-09-02,45.53096773007708,33.786053,302.3870544433594,-0.5631563296410369
2012-09-09,42.32011311544772,32.059658,301.36474609375,-0.4010807778332482
2012-09-16,133.01039646163474,30.629456,300.4829406738281,0.9064382617019928
2012-09-23,97.29229570884448,31.797823,299.7266540527344,1.5702242137384042
2012-09-30,0.6326755030474959,33.781292,299.8993530273437,1.3679721991568017
2013-06-02,6.2758710095319,35.131905,307.5875244140625,0.0
2013-06-09,15.826558218058878,37.706123,311.0795288085937,0.0
2013-06-16,20.34426713422158,35.28313,308.8296203613281,0.0
2013-06-23,65.23563699987139,34.58381,306.5624694824219,0.2129401284290011
2013-06-30,132.96324543130115,31.86694,304.27301025390625,1.3006077743010525
2013-07-07,50.42097189505822,32.748436,304.16961669921875,1.1682349455839405
2013-07-14,59.72766432215045,33.149525,303.6026306152344,0.8155012322932513
2013-07-21,41.525924053722925,33.9432,305.08477783203125,0.2798518749973393
2013-07-28,75.59542450023285,32.99925,303.837646484375,-0.6586087605914684
2013-08-04,15.739866993559971,33.440273,303.74737548828125,-1.2505086239066527
2013-08-11,72.61703871421679,32.437893,303.00555419921875,-0.7568433087969749
2013-08-18,69.9967508547715,32.77306,302.43994140625,-0.3459234684245398
2013-08-25,46.89853826554043,32.651432,301.9730529785156,-0.8409241378376746
2013-09-01,74.75143386390957,31.300951,301.3153991699219,0.4960639850325198
2013-09-08,28.514465335702155,33.389183,301.6021423339844,-0.2002426495446516
2013-09-15,9.127159850087262,34.231087,302.6191101074219,-0.8848724458771969
2013-09-22,29.170018903204124,33.212246,301.8944702148437,-0.7400755058019989
2013-09-29,23.61383118167737,33.384487,301.8338928222656,-1.1397422182022368
2013-10-06,6.912547115889127,30.327143,300.4469909667969,-0.8167276739319212
2014-06-01,0.0715539099199928,37.645386,311.1407470703125,0.0
2014-06-08,0.0758314273272552,41.799152,313.0469055175781,0.0
2014-06-15,3.4106467154393663,40.444313,312.73046875,0.0
2014-06-22,49.12127126932797,36.0783,310.17266845703125,-0.6551741260112582
2014-06-29,13.152662761645376,38.11973,311.0989074707031,-0.9603558727515328
2014-07-06,63.01224198728038,34.151287,307.0029296875,-0.715086204231891
2014-07-13,50.101029969860605,36.16337,305.91778564453125,-0.7485692073482606
2014-07-20,68.50439141965369,32.882626,303.0445861816406,-0.918980135603982
2014-07-27,40.10040896965096,32.138912,302.609375,-0.7302354310718998
2014-08-03,40.0650473843417,33.785763,303.97857666015625,-1.1610446887558334
2014-08-10,74.7969317487611,31.974133,301.823974609375,-0.484278949491277
2014-08-17,89.27901856805177,32.05875,301.45184326171875,-0.1708389740471623
2014-08-24,18.01509501659957,34.690742,302.93359375,-0.5232241891285531
2014-08-31,10.873751446169658,34.496555,302.8084411621094,-1.003920115807882
2014-09-07,29.83680472979798,32.374767,301.63458251953125,-1.3063158054947404
2014-09-14,46.31695883470948,32.05158,301.2554016113281,-1.5956549640871331
2014-09-21,28.125043623992344,33.165592,301.40191650390625,-1.085598894517518
2014-09-28,13.703277877756278,34.100178,300.66552734375,-0.761773035944524
2014-10-05,5.038129481928845,34.101196,300.7113952636719,-0.5349289057758643
2015-06-07,2.067738379657704,40.848637,312.3103942871094,0.0
2015-06-14,9.75016928260235,40.037014,312.33941650390625,0.0
2015-06-21,8.32221953818289,38.05,311.4485778808594,0.0
2015-06-28,55.90504492484849,34.900867,306.5935363769531,-0.8224425490226565
2015-07-05,51.59766897241021,34.91407,305.9671936035156,-0.7570004735066428
2015-07-12,116.760578764453,31.870588,303.3927917480469,-0.0757204590755485
2015-07-19,71.39148589696762,33.117634,303.47283935546875,0.4268182724565962
2015-07-26,30.20224069521157,32.902863,303.0430603027344,-0.1079572791488023
2015-08-02,38.30958651134024,32.94921,303.0178527832031,-0.3232351380225447
2015-08-09,24.779820728693565,33.308315,303.04107666015625,-1.3749760184849054
2015-08-16,46.947572567602144,33.892727,303.57720947265625,-1.9400377803074285
2015-08-23,75.8905806991197,32.14195,301.92266845703125,-1.204120565832161
2015-08-30,29.97945893139844,33.579926,302.29425048828125,-1.3272179571891063
2015-09-06,10.05695354008544,34.67174,302.5963439941406,-1.0783780792716944
2015-09-13,4.88889116867289,35.249176,303.16119384765625,-1.3889899515886048
2015-09-20,7.773371962245799,34.48609,302.7547912597656,-1.9026701926518688
2015-09-27,18.6253233938376,33.39462,301.2417907714844,-1.812941174162453
2015-10-04,0.0,34.710987,302.2184143066406,-1.250949931214899
2016-06-05,2.2124833870597564,39.57358,311.47296142578125,0.0
2016-06-12,14.9078063228759,39.797523,311.9114685058594,0.0
2016-06-19,17.935602941978587,37.44904,310.0805358886719,0.0
2016-06-26,41.90832106094726,35.517822,306.8759460449219,-0.2718847533549915
2016-07-03,43.478402564669175,35.510124,307.5240783691406,-0.2567639937715427
2016-07-10,92.89783862613848,32.130455,303.58056640625,0.1915266707260495
2016-07-17,84.66334069710578,32.246273,302.9148254394531,0.2814456523538368
2016-07-24,85.6896951409315,32.23586,302.0417785644531,0.5745520614961072
2016-07-31,65.98718158128489,32.189457,301.274658203125,0.656907926626289
2016-08-07,31.189314670126585,32.78348,301.85015869140625,-0.1659909991560977
2016-08-14,97.61357481165852,31.852474,301.2104187011719,0.3795888752350035
2016-08-21,107.28835575709486,31.74549,301.10455322265625,0.8130363729637912
2016-08-28,38.67339138887877,33.302814,301.9280090332031,0.4655259684364862
2016-09-04,34.52234183156686,33.741966,302.1712951660156,0.7871009336381525
2016-09-11,46.24027865170671,32.124546,301.06793212890625,-0.0996369579637378
2016-09-18,43.62783197963434,32.77323,301.0991516113281,-0.8354476173855
2016-09-25,53.77365039925288,32.046467,300.641845703125,-0.2612318297377877
2016-10-02,50.86907338149791,30.930386,300.0794677734375,0.2879028503136298
2017-06-04,0.9605969823624968,41.27026,311.7091369628906,0.0
2017-06-11,16.305312247715726,37.013035,310.5818176269531,0.0
2017-06-18,11.590125999828109,38.922215,311.7535095214844,0.0
2017-06-25,16.18863956369188,36.862087,309.824462890625,-0.7756716667484591
2017-07-02,36.19897145968284,35.03491,307.37896728515625,-0.7656148033619603
2017-07-09,107.21191642123418,31.382185,301.9875793457031,-0.1445494681607017
2017-07-16,121.73183624742784,31.493536,301.4928894042969,0.4976983592813546
2017-07-23,45.69211490762277,33.13454,303.0546569824219,0.629320251051857
2017-07-30,92.38813985484468,31.013315,300.9257507324219,1.1443943424135472
2017-08-06,53.37351355361786,32.587524,301.263916015625,0.4947293683394597
2017-08-13,71.34129440436398,31.906008,300.52618408203125,0.1116280610684722
2017-08-20,61.02807523193259,32.700172,301.33111572265625,0.40566303079136
2017-08-27,31.374057197820967,33.40751,301.3710327148437,-0.6179324302238315
2017-09-03,43.328871876980266,32.69833,301.0505065917969,-0.7071271872719382
2017-09-10,8.338034907016006,34.795025,302.4150695800781,-1.3666443161621638
2017-09-17,12.110452285539496,34.63175,302.4002990722656,-1.7252516249696543
2017-09-24,48.35740997723855,32.501007,300.7943420410156,-1.1250800146074231
2017-10-01,3.2161467699402007,33.931225,301.48974609375,-1.3921655004016489
2018-06-03,6.77796007994644,37.275257,310.74615478515625,0.0
2018-06-10,6.034049476775592,38.087368,310.75518798828125,0.0
2018-06-17,15.73373014441807,39.03194,310.25274658203125,0.0
2018-06-24,9.605537771961114,40.24517,308.3748474121094,-0.8844703360422739
2018-07-01,35.7390053384006,34.874393,306.7945251464844,-0.9422274497945772
2018-07-08,55.60656730205256,35.13351,305.6535949707031,-0.8763669894914771
2018-07-15,42.50535783516991,34.817715,304.1204528808594,-1.124184471908579
2018-07-22,38.40471737358692,33.758583,303.3560791015625,-1.219325902198668
2018-07-29,103.7866935490148,29.895773,302.8772888183594,-0.4904620956959347
2018-08-05,127.94316288638508,29.596252,302.5687561035156,0.48683256092103
2018-08-12,54.56286716363291,32.430687,302.4159545898437,1.049580551520086
2018-08-19,47.62383882233696,33.533157,301.9765319824219,1.3546402908683386
2018-08-26,81.60290293373765,31.421871,301.691650390625,1.1603227973506596
2018-09-02,66.75208975480747,31.830004,301.5742492675781,0.2073799011886684
2018-09-09,73.34689279871374,31.186697,301.3321228027344,0.5533909038566875
2018-09-16,15.224309922053212,32.81474,300.88555908203125,0.1323136416825512
2018-09-23,9.041519128901028,32.83231,300.6124267578125,-0.4417651172425171
2018-09-30,1.9942227530762229,34.183723,300.32763671875,-1.0138082778114998
2019-06-02,0.0646089718398386,40.38609,310.74615478515625,0.0
2019-06-09,5.838725854799042,40.500404,310.75518798828125,0.0
2019-06-16,5.293743515156046,41.517174,310.25274658203125,0.0
2019-06-23,34.61342637452984,37.29317,308.3748474121094,-0.763584553149148
2019-06-30,27.1992480198506,38.01176,306.7945251464844,-0.8640123296424478
2019-07-07,51.217833083394886,34.469532,305.6535949707031,-0.8543551850612182
2019-07-14,226.00493102558767,31.662537,304.1204528808594,1.1764966852891166
2019-07-21,14.289607827381714,36.042545,303.3560791015625,0.7343964939099109
2019-07-28,86.68116130367139,32.74759,302.8772888183594,1.288495308591472
2019-08-04,20.15866492299812,33.060642,302.5687561035156,0.9860251874657192
2019-08-11,46.95377403630936,33.056072,302.4159545898437,-1.3234576728543297
2019-08-18,47.34654656120569,32.58561,301.9765319824219,-0.9040418063973216
2019-08-25,93.91018088643244,32.12708,301.691650390625,-0.782342281913424
2019-09-01,24.085384028943352,33.7441,301.5742492675781,-0.5972336262508707
2019-09-08,17.181457894833855,33.53883,301.3321228027344,-0.7771823468030253
2019-09-15,45.93454238127944,32.441383,300.88555908203125,-0.5989822847942816
2019-09-22,74.0736966662272,31.946077,300.6124267578125,-0.4821874272219148
2019-09-29,166.5414864289554,28.665058,300.32763671875,1.7859799464528685
2019-10-06,16.715392311096846,28.368742,300.4107360839844,1.8953307137217488
2020-06-07,41.47796153714948,33.250435,310.75518798828125,0.0
2020-06-14,7.230902358046631,36.66284,310.25274658203125,0.0
2020-06-21,108.06738475612264,32.628365,308.3748474121094,0.0
2020-06-28,82.48154432215068,32.824726,306.7945251464844,1.3661544743116218
2020-07-05,55.59811260268418,33.530865,305.6535949707031,0.9589646605706356
2020-07-12,118.03562598680928,32.250694,304.1204528808594,1.4723145649855487
2020-07-19,45.239481823342125,33.954685,303.3560791015625,0.5028560774702678
2020-07-26,87.33204004867342,32.675762,302.8772888183594,0.3597558223910709
2020-08-02,56.36200467260541,33.19872,302.5687561035156,0.4047668234120663
2020-08-09,43.7393273172533,33.619495,302.4159545898437,-0.3447873726279467
2020-08-16,77.85056037058796,32.782505,301.9765319824219,0.1871189957670986
2020-08-23,41.82794066148736,32.49954,301.691650390625,-0.5678847513497165
2020-08-30,37.86605759171674,32.40044,301.5742492675781,-0.828903529103291
2020-09-06,17.21658152434295,34.06488,301.3321228027344,-0.8961711056880074
2020-09-13,27.375309197300105,34.1574,300.88555908203125,-1.34352516493777
2020-09-20,24.231476576876467,34.367603,300.6124267578125,-1.1963203315060884
2020-09-27,108.1739835167834,31.753302,300.32763671875,0.0476861791532067
2020-10-04,0.4973959976086651,33.972168,300.4107360839844,0.2412342189221544
2021-06-06,13.959630143196478,36.620853,310.74615478515625,0.0
2021-06-13,39.7618019779342,34.51431,310.75518798828125,0.0
2021-06-20,156.81004447035872,30.516026,310.25274658203125,0.0
2021-06-27,62.38304961141009,33.088425,308.3748474121094,2.8208041278201144
2021-07-04,31.891460520616413,34.795902,306.7945251464844,2.05793049114962
2021-07-11,36.52957506121619,34.61958,305.6535949707031,1.4186422408841155
2021-07-18,35.75390283918402,34.74432,304.1204528808594,-0.8524311683601031
2021-07-25,75.5259566954507,32.94587,303.3560791015625,-1.1200063174706436
2021-08-01,116.62037333035774,30.722,302.8772888183594,-0.1792001884412553
2021-08-08,33.170366753817255,32.373512,302.5687561035156,-0.2594626449717522
2021-08-15,111.18293371182072,32.09844,302.4159545898437,1.2284087866303794
2021-08-22,55.58589334590157,33.465755,301.9765319824219,1.05937750399657
2021-08-29,64.7590959727166,31.99371,301.691650390625,0.2763342271740035
2021-09-05,28.709761804282447,33.478493,301.5742492675781,0.4113635789156892
2021-09-12,20.819189923631885,33.115574,301.3321228027344,-0.9710860245615276
2021-09-19,104.3425157540308,30.886387,300.88555908203125,-0.1073998719345787
2021-09-26,42.25649092743432,32.725307,300.6124267578125,-0.0262144047382789
2021-10-03,7.817515135001744,32.846363,300.32763671875,0.0235233635664057
2022-06-05,2.171278093608409,41.24142,310.74615478515625,0.0
2022-06-12,2.6492793323730464,40.99754,310.75518798828125,0.0
2022-06-19,12.86946022630173,38.180782,310.25274658203125,0.0
2022-06-26,21.832681931093006,35.969696,308.3748474121094,-0.8628251451877773
2022-07-03,59.099997808735296,33.695316,306.7945251464844,-0.548805304619488
2022-07-10,12.376827621927662,35.986782,305.6535949707031,-1.017425760416515
2022-07-17,6.472946907617967,36.422413,304.1204528808594,-1.6379410424000231
2022-07-24,50.63907168895332,33.929585,303.3560791015625,-1.8018409841452183
2022-07-31,68.4215927991445,32.416492,302.8772888183594,-1.8114595709665409
2022-08-07,52.11798075415248,33.648792,302.5687561035156,-1.466676368892124
2022-08-14,44.61914282270374,32.585766,302.4159545898437,-0.6004804564425599
2022-08-21,47.47494534718512,32.550186,301.9765319824219,-0.7085236775167532
2022-08-28,59.45360564769511,32.855545,301.691650390625,-0.8707419589910567
2022-09-04,38.14952990652001,33.375797,301.5742492675781,-1.072663156287217
2022-09-11,19.42326669506457,33.774315,301.3321228027344,-1.053441458437804
2022-09-18,120.2503312025627,30.513014,300.88555908203125,0.1369064705085628
2022-09-25,46.53499828219197,31.917362,300.6124267578125,0.3431150689542838
2022-10-02,13.938228171345962,33.036297,300.32763671875,0.3652066450941298
2023-06-04,0.0042213495331306,40.109962,310.74615478515625,0.0
2023-06-11,0.5082683359871,41.2167,310.75518798828125,0.0
2023-06-18,0.2242448243395813,41.753815,310.25274658203125,0.0
2023-06-25,26.10251722610526,37.630432,308.3748474121094,-1.06300833262029
2023-07-02,94.55419751683787,32.47065,306.7945251464844,-0.2144021598305677
2023-07-09,44.30958236726579,33.67698,305.6535949707031,-0.2250974910372641
2023-07-16,58.47769108628277,33.879517,304.1204528808594,-0.1832562130228882
2023-07-23,10.66054711778594,34.89107,303.3560791015625,-0.7424693895504576
2023-07-30,25.62377084195053,34.758064,302.8772888183594,-1.7964792410085453
2023-08-06,75.46855102989316,31.812872,302.5687561035156,-1.5740712185451644
2023-08-13,65.02904705376828,31.726643,302.4159545898437,-1.191653774221783
2023-08-20,24.983727912848515,33.716747,301.9765319824219,-1.0747497415827738
2023-08-27,75.05236772918924,31.854784,301.691650390625,-0.1778267585637142
2023-09-03,5.597293301302783,34.83923,301.5742492675781,-1.4731160799146366
2023-09-10,56.47056690345851,32.374443,301.3321228027344,-1.0901906075312726
2023-09-17,37.44171065498436,33.320698,300.88555908203125,-0.6847969759550003
2023-09-24,34.89710793356296,32.26604,300.6124267578125,-0.8337012031549791
2023-10-01,7.200193743840077,33.46696,300.32763671875,-0.5145061449887588
